callsign,airp,a_d,airl,ac_model,tail,time_sch,time_atm
VLG34DP,LIPZ,D,VLG,A321,EC-MPV,07:00:00,07:01:49
VLG142E,LEBB,D,VLG,A320,EC-LRY,07:00:00,07:04:36
VLG7010,LEMD,D,VLG,A320,EC-KDX,07:00:00,07:07:51
VLG43CD,LEIB,D,VLG,A20N,EC-NAF,07:00:00,07:13:32
VLG181J,EDDM,D,VLG,A320,EC-MBY,07:00:00,07:19:06
VLG108G,LFPO,D,VLG,A320,EC-MKM,07:00:00,07:37:04
VLG99ZY,LEPA,D,VLG,A321,EC-MLM,07:05:00,07:11:36
VLG21HV,LEMG,D,VLG,A321,EC-MOO,07:10:00,07:13:14
VLG8538,ENGM,D,VLG,A20N,EC-NCT,07:10:00,07:13:58
BAW477,EGLL,D,BAW,A320,G-EUUL,07:10:00,07:14:12
VLG83KQ,EHAM,D,VLG,A320,EC-MVO,07:10:00,07:22:44
VLG6246,LSZH,D,VLG,A320,EC-MFL,07:10:00,07:31:47
EJU53TU,EGKK,D,EZY,A320,OE-IZL,07:10:00,07:31:56
ETD49,OMAA,A,ETD,B789,A6-BLX,07:20:00,07:22:18
IBE0721,LEMD,D,IBE,A320,EC-IZH,07:20:00,07:25:56
VLG37JJ,LEMH,D,VLG,A20N,EC-NBA,07:20:00,07:28:00
VLG84CS,LPPT,D,VLG,A321,EC-MQL,07:20:00,07:28:14
VLG244K,LFMN,D,VLG,A320,EC-LVT,07:20:00,07:31:11
VLG98ZP,LGAV,D,VLG,A321,EC-MHS,07:20:00,07:33:26
VLG32HM,LEVX,D,VLG,A20N,EC-NAJ,07:20:00,07:34:35
VLG61PM,LIRF,D,VLG,A320,EC-LOB,07:20:00,07:37:30
VLG18AN,EKCH,D,VLG,A320,EC-MCU,07:20:00,07:38:31
RYR183D,LEPA,A,RYR,B738,EI-DYD,07:25:00,07:20:34
VLG20AF,LEGR,D,VLG,A321,EC-MHA,07:30:00,07:36:01
VLG84EL,LPPR,D,VLG,A320,EC-MEL,07:30:00,07:40:03
VLG7310,LEMD,D,VLG,A320,EC-MVM,07:30:00,07:53:10
QTR137,OTHH,A,TAM,A359,A7-AMA,07:35:00,07:06:39
CPA321,VHHH,A,CPA,A35K,B-LXE,07:35:00,07:32:58
VLG2WB,EGKK,D,VLG,A321,EC-MRF,07:35:00,07:35:33
VLG8MZ,LEBB,D,VLG,A320,EC-LLJ,07:35:00,07:48:07
VLG33F,LIMC,D,VLG,A20N,EC-NAZ,07:40:00,07:41:52
VLG65GP,LIRN,D,VLG,A320,EC-MXG,07:40:00,07:49:35
EJU62FP,LFSB,D,EZY,A320,OE-IZW,07:40:00,08:09:25
UAL140,KIAD,A,UAL,B764,N66056,07:45:00,07:36:57
IBE0630,LEMD,A,IBE,A321,EC-JGS,07:45:00,07:44:10
VLG2XX,LOWW,D,VLG,A20N,EC-NCG,07:45:00,08:06:38
AEA6006,LEPA,A,AEA,B738,EC-III,07:50:00,07:31:37
VLG48PE,LFBD,D,VLG,A320,EC-MXP,07:50:00,07:54:09
VLG1512,LFML,D,VLG,A320,EC-MBK,07:50:00,07:54:41
VLG86TM,LKPR,D,VLG,A320,EC-MVD,07:50:00,07:59:10
RYR1E,GMMX,D,RYR,B738,EI-DLD,07:50:00,08:10:31
VLG91UB,LEPA,A,VLG,A320,EC-LQK,07:55:00,07:40:40
SQP741,UKBB,A,SQP,B738,UR-SQH,07:55:00,07:55:23
DLH02K,EDDM,D,DLH,A320,D-AIQT,07:55:00,08:22:47
RYR6362,LEPA,D,RYR,B738,EI-DYD,08:00:00,08:03:06
IBK6LE,EFHK,D,NAX,B738,EI-FVY,08:00:00,08:09:50
VLG74TG,GCXO,D,VLG,A20N,EC-NCS,08:00:00,08:15:43
IBE0801,LEMD,D,IBE,A321,EC-IXD,08:00:00,08:15:49
DLH25E,EDDF,D,DLH,A321,D-AIRS,08:00:00,08:16:37
VLG71GZ,GCLA,D,VLG,A20N,EC-NEA,08:00:00,08:22:02
RYR2GX,LIPE,A,RYR,B738,EI-EKH,08:05:00,07:56:39
EJU67YH,LIMC,A,ART,A320,ES-SAS,08:05:00,08:01:24
LDM96D,LOWW,A,LDM,A320,OE-IBJ,08:05:00,08:03:43
VLG1311,LEAL,A,VLG,A320,EC-JTR,08:10:00,07:49:44
TRA89A,EHAM,A,TRA,B738,PH-HSF,08:10:00,08:05:35
VLG242N,LFPG,D,VLG,A321,EC-MHB,08:10:00,08:10:55
VLG14GL,LEBB,A,VLG,A320,EC-MFN,08:10:00,08:11:17
EJU79AN,EGGD,D,EZY,A320,OE-ICR,08:10:00,08:32:17
RYR6397,LEZL,A,RYR,B738,EI-FTD,08:15:00,07:56:11
VLG80XK,LFPO,D,VLG,A20N,EC-NCU,08:20:00,08:27:09
IBK5PH,EGKK,D,NAX,B738,EI-GBF,08:20:00,08:34:10
RYR6QA,GCXO,D,RYR,B738,EI-FOG,08:20:00,08:40:03
EWG4CK,EDDS,A,EWG,A319,OK-REQ,08:25:00,08:12:01
VLG22TQ,LEZL,A,VLG,A320,EC-LAA,08:25:00,08:32:14
VLG21AL,LEMG,A,VLG,A320,EC-KLB,08:25:00,08:34:19
IBE0831,LEMD,D,IBE,A321,EC-JGS,08:30:00,08:34:24
DLH22A,EDDM,A,DLH,A320,D-AIWF,08:30:00,08:39:23
BEL6BC,EBBR,A,BEL,A320,OO-TCH,08:35:00,08:18:49
VLG3923,LEPA,A,VLG,A20N,EC-NFI,08:35:00,08:22:30
EWG5B,LOWW,A,EWG,A320,D-ABFP,08:35:00,08:31:57
VLG41SB,LEST,A,VLG,A320,EC-KCU,08:35:00,08:35:01
WZZ161,LHBP,A,WZZ,A21N,HA-LVE,08:40:00,08:35:46
VLG39ZS,LEPA,D,VLG,A320,EC-LQK,08:40:00,08:40:14
RYR5QH,LIPE,D,RYR,B738,EI-EKH,08:40:00,08:42:37
EJU68LP,LIMC,D,ART,A320,ES-SAS,08:40:00,08:43:25
AEA52UP,LEPA,D,AEA,B738,EC-III,08:40:00,08:47:41
VLG3NF,LECO,A,VLG,A320,EC-MER,08:45:00,08:24:12
SIA378,LIMC,A,SIA,A359,9V-SMQ,08:45:00,08:29:04
IBE0730,LEMD,A,IBE,A321,EC-HUH,08:45:00,08:41:02
EWG47Y,EDDL,A,EWG,A320,D-AEWJ,08:45:00,08:46:04
DAL194,KATL,A,DAL,B764,N845MH,08:45:00,08:48:42
SQP742,UKBB,D,SQP,B738,UR-SQH,08:45:00,09:04:15
SWR198F,LSZH,A,SWR,A321,HB-IOC,08:50:00,08:36:27
VLG70AR,LFPO,A,VLG,A321,EC-MMU,08:50:00,08:48:17
RYR39AJ,LEZL,D,RYR,B738,EI-FTD,08:50:00,08:52:18
QTR19LJ,OTHH,D,TAM,A359,A7-AMA,08:50:00,09:15:26
VLG691Z,LIRF,A,VLG,A20N,EC-MZT,08:55:00,08:43:18
VLG15NT,LEAS,A,VLG,A320,EC-KJD,08:55:00,08:44:08
AEA7701,LEMD,A,AEA,A332,EC-JZL,08:55:00,08:45:07
EJU76LR,LIRN,A,EZY,A319,OE-LQN,08:55:00,08:52:29
VLG4TZ,LEBB,D,VLG,A320,EC-MFN,08:55:00,08:55:36
VLG39PB,LEPA,A,VLG,A320,EC-MBF,08:55:00,08:57:11
TRA132K,EHAM,D,TRA,B738,PH-HSF,08:55:00,08:58:30
VLG48SG,LEAL,D,VLG,A320,EC-JTR,08:55:00,09:12:24
AAL742,KPHL,A,AAL,A332,N283AY,09:00:00,08:37:47
TRA90B,EHRD,A,TRA,B737,PH-XRD,09:00:00,08:46:01
UAL120,KEWR,A,UAL,B78X,N12005,09:00:00,08:49:35
SQP747,UKHH,A,SQP,B738,UR-SQF,09:00:00,08:51:31
RYR7XM,EDDB,A,RYR,B738,EI-EMF,09:00:00,09:02:39
LDM68JT,LOWW,D,LDM,A320,OE-IBJ,09:00:00,09:08:30
VLG5PK,LEMD,D,VLG,A20N,EC-NFH,09:00:00,09:11:47
EWG520,EDDK,A,EWG,A320,D-AEUD,09:05:00,08:53:05
EWG2HC,EDDS,D,EWG,A319,OK-REQ,09:05:00,09:15:41
VLG7460,LEMD,A,VLG,A320,EC-LOP,09:05:00,09:15:42
VLG14ZU,LEBB,A,VLG,A320,EC-KRH,09:10:00,08:33:56
AFR17BY,LFPG,A,AFR,A320,F-GKXV,09:10:00,08:50:53
TAP1030,LPPR,A,TAP,A319,CS-TTE,09:10:00,08:53:19
AAL112,KMIA,A,AAL,B772,N761AJ,09:10:00,08:59:29
TAM8114,SBGR,A,TAM,B763,PT-MOD,09:10:00,09:05:09
VLG22UL,LEZL,D,VLG,A320,EC-LAA,09:10:00,09:14:41
VLG21CM,LEMG,D,VLG,A320,EC-KLB,09:10:00,09:14:55
IBE0800,LEMD,A,IBE,A321,EC-JZM,09:15:00,08:46:31
EWG7TJ,LOWW,D,EWG,A320,D-ABFP,09:15:00,09:21:47
DLH32K,EDDM,D,DLH,A320,D-AIWF,09:15:00,09:30:06
BAW472,EGLL,A,BAW,A320,G-EUYM,09:20:00,08:54:35
RYR8HR,LPPR,A,RYR,B738,EI-FIP,09:20:00,08:57:33
EJU81EU,LFPG,A,EZY,A320,OE-INP,09:20:00,09:18:55
VLG5XZ,LEST,D,VLG,A320,EC-KCU,09:20:00,09:22:12
FOO884E,EHAM,A,FOO,A321,OE-LCR,09:20:00,09:22:55
RYR8ST,LIMF,D,RYR,B738,EI-DLC,09:20:00,09:23:23
VLG35JE,LEIB,D,VLG,A320,EC-MKO,09:20:00,09:36:02
WZZ3EX,LHBP,D,WZZ,A21N,HA-LVE,09:20:00,09:42:02
VLG22FC,LEZL,A,VLG,A320,EC-MAH,09:25:00,08:55:35
BEL96C,EBBR,D,BEL,A320,OO-TCH,09:25:00,09:37:25
VLG39VW,LEPA,D,VLG,A20N,EC-NFI,09:25:00,09:40:10
RYR75KC,LEIB,A,RYR,B738,EI-DPW,09:30:00,09:04:03
VLG12HG,LECO,D,VLG,A320,EC-MVE,09:30:00,09:36:13
VLG7477,DAAG,A,VLG,A320,EC-KHN,09:30:00,09:36:23
EJU23ZC,LIRN,D,EZY,A319,OE-LQN,09:30:00,09:38:29
EWG6VU,EDDL,D,EWG,A320,D-AEWJ,09:30:00,09:59:05
IBE0931,LEMD,D,IBE,A321,EC-HUH,09:30:00,09:59:46
DLH11Y,EDDF,A,DLH,A321,D-AISH,09:35:00,09:07:35
EIN6XA,EICK,A,EIN,A320,EI-DEO,09:35:00,09:13:48
VLG63QS,LEPA,A,VLG,A321,EC-MLM,09:35:00,09:26:41
VLG80EQ,LFPO,D,VLG,A321,EC-MMU,09:35:00,09:40:39
VLG75BB,LEIB,A,VLG,A20N,EC-NAF,09:35:00,09:43:31
RYR1DN,EDDB,D,RYR,B738,EI-EMF,09:35:00,09:45:09
VLG248X,LESO,A,VLG,A319,EC-NGB,09:35:00,09:48:55
AAL113,KMIA,D,AAL,B772,N767AJ,09:40:00,09:48:20
VLG61ZZ,LIRF,D,VLG,A20N,EC-MZT,09:40:00,09:48:46
TRA11R,EHRD,D,TRA,B737,PH-XRD,09:40:00,09:49:25
SWR195N,LSZH,D,SWR,A321,HB-IOC,09:40:00,09:58:42
VLG37LX,LEMH,D,VLG,A320,EC-KJD,09:40:00,09:59:07
RYR95VX,EGCC,A,RYR,B738,EI-GJG,09:45:00,09:24:39
TGZ737,UGTB,A,TGZ,E190,4L-TGU,09:45:00,09:25:58
RYR2UB,EIDW,A,RYR,B738,EI-EBA,09:45:00,09:30:44
EWG521,EDDK,D,EWG,A320,D-AEUD,09:45:00,09:45:24
VLG2LU,LEMH,A,VLG,A20N,EC-NBA,09:45:00,09:47:21
VLG9450,LEMD,D,VLG,A320,EC-LOP,09:45:00,10:09:22
IBE0830,LEMD,A,IBE,A320,EC-IEF,09:50:00,09:26:04
VLG13ME,LEAL,A,VLG,A20N,EC-NCF,09:50:00,10:00:17
EJU68YB,EDDB,A,EZY,A319,OE-LKL,09:55:00,09:27:42
EZY25WL,EGMC,A,EZY,A20N,G-UZHF,09:55:00,09:52:12
VLG83BZ,LEBB,D,VLG,A320,EC-KRH,09:55:00,09:55:41
TAP1033,LPPR,D,TAP,A319,CS-TTE,09:55:00,09:58:33
RYR8PC,LPPR,D,RYR,B738,EI-FIP,09:55:00,10:05:39
EJU27DA,LFPG,D,EZY,A320,OE-INP,09:55:00,10:17:43
THY9RV,LTFM,A,THY,A333,TC-JOF,10:00:00,09:58:32
VLG6332,LIMC,D,VLG,A320,EC-MBF,10:00:00,10:06:32
IBE10HD,LEMD,D,IBE,A321,EC-JZM,10:00:00,10:10:07
VLG14QM,LEBB,A,VLG,A320,EC-LRY,10:05:00,09:47:51
ROU1914,CYYZ,A,ROU,B763,C-GEOQ,10:05:00,09:50:10
FIN6RM,EFHK,A,FIN,A321,OH-LZU,10:05:00,10:05:18
RYR7RW,LIRN,D,RYR,B738,EI-DPW,10:05:00,10:16:08
AFR67HE,LFPG,D,AFR,A320,F-GKXV,10:05:00,10:18:01
FOO8319,EHAM,D,FOO,A321,OE-LCR,10:05:00,10:26:31
RYR215Q,LIME,A,RYR,B738,EI-ESW,10:10:00,09:58:42
VLG27RR,LIPE,A,VLG,A320,EC-MBD,10:10:00,10:06:45
SIA377,LIMC,D,SIA,A359,9V-SMQ,10:10:00,10:15:38
BAW473,EGLL,D,BAW,A320,G-EUYM,10:10:00,10:17:03
VLG22EA,LEZL,D,VLG,A320,EC-JYX,10:10:00,10:20:02
EZY15FU,EGGW,A,EZY,A319,G-EZBH,10:15:00,10:03:33
EJU39QP,LSGG,A,EZY,A320,OE-IZD,10:15:00,10:04:00
EIN87H,EICK,D,EIN,A320,EI-DEO,10:15:00,10:27:58
VLG69AJ,LEAM,D,VLG,A320,EC-KHN,10:15:00,10:28:27
VLG267S,LEMD,A,VLG,A320,EC-KDX,10:20:00,09:50:19
KLM85J,EHAM,A,KLM,B738,PH-BCH,10:20:00,10:10:10
EIN562P,EIDW,A,EIN,A320,EI-GAM,10:20:00,10:12:07
EZY27MQ,EGGP,A,EZY,A320,G-EZUS,10:20:00,10:12:36
RYR70TT,EGPH,A,RYR,B738,EI-GSG,10:20:00,10:16:35
VLG24YL,GCRR,D,VLG,A321,EC-MLM,10:20:00,10:24:34
RYR6GA,EGCC,D,RYR,B738,EI-GJG,10:20:00,10:28:08
RYR65TB,EIDW,D,RYR,B738,EI-EBA,10:20:00,10:29:38
VLG189L,EDDV,D,VLG,A320,EC-LZN,10:20:00,10:30:25
VLG6012,LIEA,D,VLG,A320,EC-MAI,10:20:00,10:33:52
VLG902H,LEGR,D,VLG,A320,EC-MER,10:20:00,10:52:20
VLG15LB,LEAS,A,VLG,A320,EC-JSY,10:30:00,10:11:12
RYR70RV,LIRF,A,RYR,B738,EI-DLE,10:30:00,10:28:03
DAL195,KATL,D,DAL,B764,N845MH,10:30:00,10:32:40
EZY21RW,EGMC,D,EZY,A20N,G-UZHF,10:30:00,10:34:10
EJU15CR,EDDB,D,EZY,A319,OE-LKL,10:30:00,10:34:17
VLG26JP,GCFV,D,VLG,A20N,EC-NBA,10:30:00,10:45:04
DLH09H,EDDF,D,DLH,A321,D-AISH,10:30:00,10:55:42
VLG14SD,LEBB,A,VLG,A320,EC-LLJ,10:35:00,10:08:28
VLG52MY,LICJ,A,VLG,A320,EC-KDG,10:35:00,10:08:55
VLG15AW,LFMN,A,VLG,A320,EC-LVT,10:35:00,10:30:29
DAL476,KJFK,A,DAL,B764,N843MH,10:35:00,10:33:41
VLG60VC,LIRQ,A,VLG,A319,EC-MGF,10:35:00,10:44:13
VLG58RP,LFLL,D,VLG,A20N,EC-NCF,10:35:00,10:59:13
RYR58K,LIPZ,A,RYR,B738,EI-DPY,10:40:00,10:22:29
EZY32GY,EGKK,A,EZY,A319,G-EZFW,10:40:00,10:30:19
ROT421U,LROP,A,ROT,B737,YR-BGI,10:40:00,10:40:09
IBE0930,LEMD,A,IBE,A320,EC-IZH,10:45:00,10:30:26
VLG42YX,LEZL,A,VLG,A320,EC-LVU,10:45:00,10:38:11
RYR2KM,LFOB,A,RYR,B738,EI-DYC,10:45:00,10:41:06
ETD35Q,OMAA,D,ETD,B789,A6-BLX,10:45:00,10:55:07
VLG1519,LFML,A,VLG,A320,EC-MBK,10:50:00,10:39:32
BAW478S,EGLL,A,BAW,A320,G-TTOE,10:50:00,10:40:49
EZY89ZM,EGGW,D,EZY,A319,G-EZBH,10:50:00,10:50:47
AZA2TW,LIRF,A,AZA,A320,I-BIKD,10:50:00,11:00:28
EJU27UC,LFMN,D,EZY,A320,OE-IZD,10:50:00,11:01:06
RYR6RP,EGSS,D,RYR,B738,EI-ESW,10:50:00,11:10:11
VLG8037,LFPO,A,VLG,A320,EC-LVP,10:55:00,10:43:33
VLG2913,LFBD,A,VLG,A320,EC-MXP,10:55:00,10:54:15
RYR626E,EGPH,D,RYR,B738,EI-GSG,10:55:00,10:55:57
EZY45CQ,EGGP,D,EZY,A320,G-EZUS,10:55:00,11:09:48
TGZ738,UGTB,D,TGZ,E190,4L-TGU,10:55:00,11:14:42
RYR5LR,EBBR,A,RYR,B738,EI-GDY,11:00:00,10:45:50
AFL2638,UUEE,A,AFL,A321,VP-BES,11:00:00,10:47:35
DLH27U,EDDM,A,DLH,A319,D-AIBB,11:00:00,10:48:24
AEE710,LGAV,A,AEE,A321,SX-DNG,11:00:00,10:56:06
VLG3560,LEIB,D,VLG,A320,EC-MNZ,11:00:00,11:01:10
IBE11AT,LEMD,D,IBE,A320,EC-IEF,11:00:00,11:02:04
EIN5HM,EIDW,D,EIN,A320,EI-GAM,11:00:00,11:05:21
SDM6701,ULLI,A,SDM,A319,VQ-BAV,11:00:00,11:13:53
AEA6156,LEPA,A,AEA,B738,EC-III,11:05:00,10:53:33
VLG7365,GMTT,A,VLG,A320,EC-MUM,11:05:00,10:59:33
VLG9460,LEMD,A,VLG,A320,EC-MVM,11:05:00,11:00:24
RYR2ZG,LEXJ,D,RYR,B738,EI-DLE,11:05:00,11:23:24
VLG80MC,LFPO,D,VLG,A320,EC-JZI,11:05:00,11:27:55
KLM86N,EHAM,D,KLM,B738,PH-BCH,11:05:00,11:28:55
ANE8251,GEML,A,IBE,AT76,EC-LQV,11:10:00,10:40:34
VLG318M,LFPO,A,VLG,A320,EC-MAX,11:10:00,11:01:26
FIN7RT,EFHK,D,FIN,A321,OH-LZU,11:10:00,11:33:59
VLG21GU,LEMG,A,VLG,A321,EC-MOO,11:15:00,10:47:26
VLG30MJ,GCLP,A,VLG,A321,EC-MMH,11:15:00,11:06:52
VLG3744,LEMH,D,VLG,A320,EC-MBD,11:15:00,11:16:07
UAL121,KEWR,D,UAL,B78X,N12005,11:15:00,11:19:15
AAL67,KJFK,D,AAL,B772,N761AJ,11:15:00,11:19:34
VLG661B,LIEE,D,VLG,A320,EC-JSY,11:15:00,11:22:42
EZY57UT,EGKK,D,EZY,A319,G-EZFW,11:15:00,11:39:12
VLG15AC,GCXO,A,VLG,A320,EC-JGM,11:20:00,11:03:39
VLG20CG,LEGR,A,VLG,A321,EC-MHA,11:20:00,11:10:51
VLG25QJ,EDDH,D,VLG,A320,EC-LLJ,11:20:00,11:20:05
VLG60QY,LIRQ,D,VLG,A319,EC-MGF,11:20:00,11:43:06
AFR87VQ,LFPG,A,AFR,A321,F-GTAT,11:25:00,10:45:22
RYR1UE,LEMG,D,RYR,B738,EI-DPY,11:25:00,11:25:45
VLG1703,LEVX,A,VLG,A20N,EC-NAJ,11:30:00,11:07:01
VLG58QZ,LSZH,A,VLG,A320,EC-MFL,11:30:00,11:11:42
RYR2MQ,EGSS,A,RYR,B738,EI-DPM,11:30:00,11:21:22
EXS68ZM,EGCC,A,EXS,B738,G-DRTE,11:30:00,11:30:28
VLG14AH,LEBB,D,VLG,A320,EC-LVU,11:30:00,11:30:31
THY6AS,LTFM,D,THY,A333,TC-JOF,11:30:00,11:33:38
RYR86YD,GCTS,A,RYR,B738,EI-GDE,11:30:00,11:40:36
ROT422L,LROP,D,ROT,B737,YR-BGI,11:30:00,11:43:57
VLG74KB,LEZL,D,VLG,A320,EC-KDG,11:30:00,11:46:31
EJU83CN,LFSB,A,EZY,A320,OE-IZW,11:35:00,11:17:03
RYR3GG,EBCI,D,RYR,B738,EI-DYM,11:35:00,11:35:52
VLG87AB,EGBB,D,VLG,A20N,EC-NAF,11:35:00,11:43:37
DLH85N,EDDF,A,DLH,A321,D-AIDV,11:40:00,11:27:10
AZA077,LIRF,D,AZA,A320,I-BIKD,11:40:00,11:40:24
BAW479,EGLL,D,BAW,A320,G-TTOE,11:40:00,11:44:43
ANE8250,GEML,D,IBE,AT76,EC-LQV,11:40:00,11:49:42
VLG18KA,EDDT,D,VLG,A320,EC-MXP,11:40:00,11:49:56
VLG62AM,LFSB,D,VLG,A320,EC-LVP,11:40:00,12:03:32
VLG61WG,LIRF,A,VLG,A320,EC-LOB,11:45:00,11:26:38
VLG8477,LPPR,A,VLG,A320,EC-MEL,11:45:00,11:29:13
VLG64CC,LIPZ,A,VLG,A321,EC-MPV,11:45:00,11:34:04
ROU1915,CYYZ,D,ROU,B763,C-GEOQ,11:45:00,11:47:38
VLG39DL,LEPA,D,VLG,A320,EC-LQM,11:45:00,11:50:09
VLG89VK,LIMC,A,VLG,A20N,EC-NAZ,11:45:00,11:52:16
IBK56V,EKCH,A,DTR,A321,OY-RUU,11:45:00,11:55:07
SVR7051,ULLI,A,SVR,A321,VQ-BKJ,11:50:00,11:36:04
AEA7706,LEMD,D,AEA,A332,EC-JZL,11:50:00,11:56:14
AEE711,LGAV,D,AEE,A321,SX-DNG,11:50:00,12:09:39
VLG35TQ,LEIB,A,VLG,A320,EC-MKO,11:55:00,11:37:33
VLG87QK,LMML,D,VLG,A320,EC-LVT,11:55:00,11:55:51
AEA6037,LEPA,D,AEA,B738,EC-III,11:55:00,12:07:11
VLG24ZG,EDDN,D,VLG,A320,EC-MBK,11:55:00,12:09:02
DLH12K,EDDM,D,DLH,A319,D-AIBB,11:55:00,12:09:11
VLG61VJ,LIRF,D,VLG,A320,EC-MVM,11:55:00,12:11:32
SDM6702,ULLI,D,SDM,A319,VQ-BAV,11:55:00,12:30:21
VLG18ER,EDDM,A,VLG,A320,EC-MBY,12:00:00,11:31:50
TAP1040,LPPT,A,TAP,A320,CS-TNU,12:00:00,11:42:07
VLG84LC,LPPT,A,VLG,A321,EC-MQL,12:00:00,11:59:01
AFL2639,UUEE,D,AFL,A321,VP-BES,12:00:00,12:04:29
IBE12BV,LEMD,D,IBE,A320,EC-IZH,12:00:00,12:07:16
AEA8572,LEBB,D,AEA,B738,EC-LPQ,12:00:00,12:07:23
UAL141,KIAD,D,UAL,B764,N66056,12:00:00,12:12:48
VLG37MY,LEMH,A,VLG,A320,EC-KJD,12:05:00,11:48:37
RYR46VZ,GCTS,D,RYR,B738,EI-GDY,12:05:00,12:10:25
VLG736H,EHAM,D,VLG,A321,EC-MHA,12:05:00,12:11:46
RYR86XJ,LIME,D,RYR,B738,EI-DPM,12:05:00,12:16:21
VLG21VC,LEMG,D,VLG,A321,EC-MOO,12:05:00,12:17:01
VLG32KU,GCXO,D,VLG,A320,EC-JGM,12:05:00,12:19:35
VLG2AB,GCLP,D,VLG,A321,EC-MMH,12:10:00,12:31:10
EJU8569,EGKK,A,EZY,A320,OE-IZL,12:15:00,11:55:02
RYR129,EDDH,A,RYR,B738,EI-DPT,12:15:00,12:01:18
NAX76C,KEWR,A,NAX,B789,LN-LNS,12:15:00,12:03:05
VLG6334,LIMC,D,VLG,A20N,EC-NAJ,12:15:00,12:32:32
VLG377B,LPPT,D,VLG,A320,EC-MFL,12:15:00,12:43:19
VLG6501,LIRN,A,VLG,A320,EC-MXG,12:20:00,11:53:32
NAX4CW,ENGM,A,NVD,A320,9H-AMA,12:20:00,12:02:43
THY5JD,LTFJ,A,THY,B738,TC-JVP,12:20:00,12:04:55
VLG1100,LEMD,A,VLG,A20N,EC-NFH,12:20:00,12:10:26
LOT437,EPWA,A,LOT,B734,SP-LLF,12:20:00,12:12:11
AFR1349,LFPG,D,AFR,A321,F-GTAT,12:20:00,12:28:31
TAM8115,SBGR,D,TAM,B763,PT-MOD,12:20:00,12:43:37
EJU71WZ,EGKK,D,EZY,A320,OE-IZW,12:20:00,12:46:18
VLG15LL,LFPO,A,VLG,A20N,EC-NCU,12:30:00,12:18:07
VLG83PJ,EHAM,A,VLG,A320,EC-MVO,12:30:00,12:24:56
VLG8802,LHBP,D,VLG,A320,EC-MEL,12:30:00,12:33:39
IBK365L,EKCH,D,DTR,A321,OY-RUU,12:30:00,12:34:00
EXS59ED,EGCC,D,EXS,B738,G-DRTE,12:30:00,12:37:21
VLG534X,LICC,D,VLG,A20N,EC-NAZ,12:30:00,12:39:27
VLG857Q,EBBR,D,VLG,A320,EC-LOB,12:30:00,12:39:46
RYR6KL,LIRF,D,RYR,B738,EI-GDE,12:30:00,12:44:50
KLM65H,EHAM,A,KLM,B738,PH-BCK,12:35:00,12:19:28
BAW484C,EGLL,A,BAW,A320,G-EUUL,12:35:00,12:32:18
VLG2DZ,EGKK,D,VLG,A321,EC-MPV,12:35:00,12:41:07
AMX037,MMMX,A,AMX,B789,XA-ADG,12:40:00,12:24:46
AUI991,UKBB,A,AUI,B738,UR-UID,12:40:00,12:26:28
RAM964Y,GMMN,A,RAM,B738,CN-RNZ,12:40:00,12:41:33
VLG72LD,EIDW,D,VLG,A320,EC-MBE,12:40:00,12:44:27
VLG35LG,LEIB,D,VLG,A320,EC-MAX,12:45:00,12:45:38
VLG85LP,EDDL,D,VLG,A320,EC-MKO,12:45:00,12:52:01
SVR7052,ULLI,D,SVR,A321,VQ-BKJ,12:45:00,12:52:07
DAL477,KJFK,D,DAL,B764,N843MH,12:45:00,13:01:31
DLH02A,EDDF,D,DLH,A321,D-AIDV,12:45:00,13:04:23
VLG89TE,LFPG,A,VLG,A321,EC-MHB,12:50:00,12:26:43
IBE11ZL,LEMD,A,IBE,A20N,EC-NER,12:50:00,12:36:04
SBI6105,ULLI,A,SBI,A319,VP-BHV,12:50:00,12:41:15
AAL743,KPHL,D,AAL,A332,N283AY,12:50:00,12:54:41
RYR63LN,EGNX,A,RYR,B738,EI-DWZ,12:50:00,12:59:34
VLG803E,LFPO,D,VLG,A321,EC-MQL,12:50:00,12:59:41
TAP1035,LPPT,D,TAP,A320,CS-TNU,12:50:00,13:06:40
RYR6YN,LEPA,D,RYR,B738,EI-DPT,12:50:00,13:07:32
RYR9XE,LKPR,D,RYR,B738,EI-DYC,12:50:00,13:09:26
VLG15GE,LEAS,D,VLG,A320,EC-KJD,12:50:00,13:16:32
VLG78SL,EGKK,A,VLG,A321,EC-MRF,12:55:00,12:38:10
DLH48H,EDDM,A,DLH,A320,D-AIUQ,12:55:00,12:46:51
NAX7050,KFLL,A,NAX,B789,SE-RXM,12:55:00,12:49:27
RYR8FP,LIMF,A,RYR,B738,EI-DLC,13:00:00,12:55:27
VLG131R,LEMD,D,VLG,A20N,EC-NFH,13:00:00,13:03:22
AFL2648,UUEE,A,AFL,A321,VP-BFQ,13:05:00,12:45:27
RYR5JC,EBBR,A,RYR,B738,EI-GDC,13:05:00,12:58:11
DLH08F,EDDF,A,DLH,A321,D-AIDK,13:05:00,13:06:34
NAX41B,ENGM,D,NVD,A320,9H-AMA,13:05:00,13:23:02
RYR12GR,GCFV,A,RYR,B738,EI-FIZ,13:10:00,12:54:10
LOT4GM,EPWA,D,LOT,B734,SP-LLF,13:10:00,13:14:24
RYR73BW,GMMX,A,RYR,B738,EI-DLD,13:15:00,12:58:37
AVA018,SKBO,A,AVA,B788,N785AV,13:15:00,13:04:49
THY1XY,LTFJ,D,THY,B738,TC-JVP,13:15:00,13:17:36
VLG9AA,EDDM,D,VLG,A20N,EC-NCU,13:15:00,13:19:02
VLG121A,LEMD,A,VLG,A320,EC-LOP,13:20:00,13:01:05
IBK1PW,EGKK,A,NAX,B738,EI-GBF,13:20:00,13:03:32
VLG13EC,LEAL,A,VLG,A320,EC-MBS,13:20:00,13:10:49
VLG33RK,LOWW,A,VLG,A20N,EC-NCG,13:20:00,13:13:11
KLM1670,EHAM,D,KLM,B738,PH-BCK,13:20:00,13:28:17
CPA318,VHHH,D,CPA,A35K,B-LXE,13:20:00,13:40:44
UAE185,OMDB,A,UAE,A388,A6-EDK,13:25:00,13:18:35
RYR7WY,EGNX,D,RYR,B738,EI-DWZ,13:25:00,13:25:36
VLG1678,LEST,A,VLG,A320,EC-KCU,13:30:00,13:05:36
AAL40,KORD,A,AAL,B788,N805AN,13:30:00,13:12:34
VLG8653,LKPR,A,VLG,A320,EC-MVD,13:30:00,13:14:43
EZY73KM,EGAA,A,EZY,A319,G-EZDM,13:30:00,13:27:19
IBE13GV,LEMD,D,IBE,A20N,EC-NER,13:30:00,13:33:00
AUI7BC,UKBB,D,AUI,B738,UR-UID,13:30:00,13:34:10
RAM965Y,GMMN,D,RAM,B738,CN-RNZ,13:30:00,13:43:07
VLG3561,LEIB,A,VLG,A320,EC-MNZ,13:35:00,13:35:45
BAW485,EGLL,D,BAW,A320,G-EUUL,13:35:00,13:48:11
PGT78B,LTFJ,A,PGT,A20N,TC-NCE,13:40:00,13:19:41
VLG3745,LEMH,A,VLG,A320,EC-MBD,13:40:00,13:30:32
VLG1252,LEAM,A,VLG,A320,EC-KHN,13:40:00,13:32:19
VLG99WP,LIEA,A,VLG,A320,EC-MAI,13:40:00,13:35:43
VLG18HA,EKCH,D,VLG,A321,EC-MHB,13:40:00,13:41:00
EWG3LR,EDDH,A,EWG,A320,D-AEWU,13:40:00,13:41:44
RYR6RW,EBBR,D,RYR,B738,EI-GDC,13:40:00,14:04:58
SBI6106,ULLI,D,SBI,A319,VP-BHV,13:45:00,13:46:17
SVR845,UUDD,A,SVR,A321,VQ-BOF,13:45:00,13:49:12
DLH51J,EDDM,D,DLH,A320,D-AIUQ,13:45:00,13:52:13
LPE2430,SPJC,A,LAN,B763,CC-CXJ,13:50:00,13:31:49
CSA688,LKPR,A,TVS,B738,OK-TSV,13:50:00,13:40:02
DLH05U,EDDF,D,DLH,A321,D-AIDK,13:50:00,13:59:46
RYR21JA,UKBB,D,RYR,B738,EI-DLC,13:50:00,14:06:14
VLG2021,LEGR,A,VLG,A320,EC-MER,13:55:00,13:39:56
RYR452,LEPA,A,RYR,B738,EI-EBS,13:55:00,13:44:45
RYR6LY,EGBB,D,RYR,B738,EI-FIZ,13:55:00,13:56:50
VLG12TR,LFLL,A,VLG,A20N,EC-NCF,14:00:00,13:41:02
RYR1HM,EYVI,A,RYR,B738,EI-EBL,14:00:00,13:44:04
BAW474,EGLL,A,BAW,A320,G-EUYF,14:00:00,13:47:59
EJU74FZ,EGGD,A,EZY,A320,OE-ICR,14:00:00,13:48:17
EJU1697,LFMN,A,EZY,A320,OE-IZD,14:00:00,13:50:32
VLG1GY,EKCH,A,VLG,A320,EC-MCU,14:00:00,13:55:10
SBI891,UUDD,A,SBI,A321,VQ-BQK,14:00:00,14:01:45
VLG537J,LEMD,D,VLG,A320,EC-LOP,14:00:00,14:14:53
VLG64BC,LIPZ,D,VLG,A320,EC-MUM,14:00:00,14:26:44
LGL3591,ELLX,A,LGL,DH8D,LX-LQC,14:05:00,13:55:08
VLG333G,LIMC,A,VLG,A320,EC-MBF,14:05:00,13:56:41
SWR131C,LSZH,A,SWR,A321,HB-IOM,14:05:00,14:00:10
VLG81UU,LGAV,A,VLG,A321,EC-MHS,14:05:00,14:05:19
NAX7155,KORD,D,NAX,B789,SE-RXZ,14:05:00,14:08:43
VLG13BD,LEAL,D,VLG,A320,EC-MBS,14:05:00,14:16:43
RYR4FZ,EGSS,D,RYR,B738,EI-FTY,14:05:00,14:21:51
VLG80PL,LFPO,D,VLG,A321,EC-MRF,14:05:00,14:22:31
VLG53RR,LEIB,D,VLG,A320,EC-MXG,14:05:00,14:30:36
VLG3007,GCLP,A,VLG,A320,EC-MAN,14:10:00,14:01:07
VLG19LR,LEPA,A,VLG,A320,EC-LQM,14:10:00,14:05:09
AFL2649,UUEE,D,AFL,A321,VP-BFQ,14:10:00,14:15:57
EZY47WM,EGAA,D,EZY,A319,G-EZDM,14:10:00,14:25:30
QTR145,OTHH,A,TAM,A359,A7-AQA,14:15:00,13:56:40
VLG293L,LEPA,D,VLG,A320,EC-KCU,14:15:00,14:15:54
VLG84PU,LPPR,D,VLG,A320,EC-MVO,14:15:00,14:16:37
VLG1679,LEST,D,VLG,A320,EC-MVD,14:15:00,14:26:07
EWG7521,EDDH,D,EWG,A320,D-AEWU,14:15:00,14:35:08
RYR30HJ,LEXJ,A,RYR,B738,EI-DLE,14:20:00,13:55:44
AEA6060,LEPA,A,AEA,B738,EC-III,14:20:00,14:07:58
PGT38Z,LTFJ,D,PGT,A20N,TC-NCE,14:20:00,14:22:28
RYR3081,LEMG,A,RYR,B738,EI-DYZ,14:20:00,14:25:40
AFR75JK,LFPG,A,AFR,A320,F-GKXZ,14:25:00,14:18:14
VLG6514,LIMF,D,VLG,A320,EC-MBD,14:25:00,14:27:32
VLG149B,LEBB,A,VLG,A320,EC-LVU,14:30:00,14:16:16
BEL3LM,EBBR,A,BEL,A320,OO-TCH,14:30:00,14:19:31
IBE1316,LEMD,A,IBE,A321,EC-HUH,14:30:00,14:28:19
RYR16HN,LIRN,A,RYR,B738,EI-DPW,14:30:00,14:29:49
RYR6578,LEPA,D,RYR,B738,EI-EBS,14:30:00,14:30:20
VLG54FP,LIPE,D,VLG,A320,EC-MNZ,14:30:00,14:36:24
MAC377,GMTT,A,ABY,A320,CN-NMO,14:40:00,14:13:10
SQP745,UKOO,A,SQP,B738,UR-SQB,14:40:00,14:24:38
AMX038,MMMX,D,AMX,B789,XA-ADG,14:40:00,14:43:20
CSA689,LKPR,D,TVS,B738,OK-TSV,14:40:00,14:56:02
ANE70VG,LEBG,D,IBE,CRJ9,EC-JZT,14:40:00,14:59:35
VLG3VW,ENGM,A,VLG,A20N,EC-NCT,14:45:00,14:26:00
EZY74LB,EGKK,A,EZY,A319,G-EZGE,14:45:00,14:36:05
EJU64GV,LSGG,D,EZY,A320,OE-IZL,14:45:00,14:51:44
SVR846,UUDD,D,SVR,A321,VQ-BOF,14:45:00,14:56:40
DLH06E,EDDM,A,DLH,A320,D-AIQH,14:50:00,14:44:58
RYR2NJ,LEJR,D,RYR,B738,EI-DLD,14:50:00,14:52:41
VLG61BR,LIMC,D,VLG,A320,EC-MCU,14:50:00,15:01:37
BAW475,EGLL,D,BAW,A320,G-EUYF,14:50:00,15:06:02
LGL32B,ELLX,D,LGL,DH8D,LX-LQC,14:50:00,15:16:17
SWR193P,LSZH,D,SWR,A321,HB-IOM,14:55:00,14:57:46
RYR3082,LEMG,D,RYR,B738,EI-DYZ,14:55:00,15:01:23
VLG13SU,LIEE,A,VLG,A320,EC-JSY,15:00:00,14:46:25
VLG186T,EDDS,D,VLG,A321,EC-MHS,15:00:00,15:11:31
VLG61SN,LIRF,D,VLG,A320,EC-LQM,15:00:00,15:12:51
FOO772R,LOWW,A,FOO,A321,OE-LCF,15:05:00,15:15:26
SBI892,UUDD,D,SBI,A321,VQ-BQK,15:05:00,15:25:19
TRA81J,EHAM,A,TRA,B738,PH-HZX,15:10:00,14:36:30
DLH91A,EDDF,A,DLH,A321,D-AIDG,15:15:00,15:10:25
VLG80NE,LFPO,A,VLG,A320,EC-JZI,15:15:00,15:14:37
VLG19BK,LEMG,D,VLG,A320,EC-MAN,15:15:00,15:22:31
IBE1515,LEMD,D,IBE,A321,EC-HUH,15:15:00,15:24:22
AFR99RA,LFPG,D,AFR,A320,F-GKXZ,15:15:00,15:27:23
RYR8841,LEIB,D,RYR,B738,EI-DLE,15:15:00,15:40:18
RYR2897,LEPA,A,RYR,B738,EI-DPT,15:20:00,14:58:41
VLG35MH,LEIB,A,VLG,A320,EC-MAX,15:20:00,15:12:12
NAX1WA,KLAX,D,NAX,B789,LN-LNS,15:20:00,15:22:59
BEL74C,EBBR,D,BEL,A320,OO-TCH,15:20:00,15:24:40
RYR31JL,LEVD,D,RYR,B738,EI-DPW,15:20:00,15:25:59
EZY51KW,EGKK,D,EZY,A319,G-EZGE,15:20:00,15:34:57
VLG22CY,LEZL,A,VLG,A320,EC-KDG,15:25:00,15:01:27
VLG8XX,GCXO,A,VLG,A20N,EC-NCS,15:25:00,15:13:58
MSR767,HECA,A,MSR,B738,SU-GDY,15:25:00,15:16:18
RYR3T,LEMG,A,RYR,B738,EI-DPY,15:25:00,15:29:43
VLG6008,LIRQ,A,VLG,A319,EC-MGF,15:30:00,15:25:52
MAC378,GMTT,D,ABY,A320,CN-NMO,15:30:00,15:30:46
AAL41,KORD,D,AAL,B788,N805AN,15:30:00,15:38:26
VLG12MN,LECO,D,VLG,A20N,EC-NCT,15:30:00,15:44:23
SQP746,UKOO,D,SQP,B738,UR-SQB,15:30:00,15:46:07
IBK52H,ENGM,D,NAX,B738,EI-GBF,15:30:00,15:55:55
UAE186,OMDB,D,UAE,A388,A6-EDK,15:30:00,15:59:58
AFL2514,UUEE,A,AFL,A321,VP-BFX,15:40:00,15:22:36
VLG3249,GCLA,A,VLG,A20N,EC-NEA,15:40:00,15:36:33
IBE1430,LEMD,A,IBE,A320,EC-IEF,15:45:00,15:31:12
DLH87Y,EDDM,D,DLH,A320,D-AIQH,15:45:00,15:52:57
VLG43WP,LFSB,A,VLG,A320,EC-LVP,15:50:00,15:34:02
VLG73SB,EHAM,D,VLG,A320,EC-JSY,15:50:00,16:00:07
RYR82KC,GCXO,A,RYR,B738,EI-FOG,15:55:00,15:29:38
VLG91QL,EDDV,A,VLG,A320,EC-LZN,15:55:00,15:36:54
FOO538L,LOWW,D,FOO,A321,OE-LCF,15:55:00,15:59:50
TRA513V,EHAM,D,TRA,B738,PH-HZX,15:55:00,16:04:55
VLG14WL,LEBB,D,VLG,A320,EC-MAI,15:55:00,16:06:00
AVA019,SKBO,D,AVA,B788,N785AV,15:55:00,16:10:48
VLG15FR,LFML,D,VLG,A320,EC-KHN,15:55:00,16:18:46
DLH22H,EDDF,A,DLH,A321,D-AIRN,16:00:00,15:51:44
IBK1RG,ESSA,A,HFM,A333,9H-AGU,16:00:00,15:53:09
RYR1GK,EGSS,A,RYR,B738,EI-DCG,16:00:00,15:53:39
EZY14QD,EGGW,A,EZY,A20N,G-UZHX,16:00:00,15:58:15
RYR8NM,LIME,A,RYR,B738,EI-DPM,16:00:00,16:03:44
DLH84M,EDDF,D,DLH,A321,D-AIDG,16:00:00,16:05:40
VLG5NR,LEXJ,D,VLG,A20N,EC-NCF,16:00:00,16:12:03
BAW406,EGLL,A,BAW,A320,G-EUYC,16:05:00,15:56:32
VLG39BN,LEPA,D,VLG,A320,EC-LRY,16:05:00,16:23:34
BTI683,EVRA,A,BTI,BCS3,YL-CSH,16:10:00,16:02:20
RYR87JV,EBCI,A,RYR,B738,EI-DYM,16:10:00,16:05:05
VLG21RW,LEMG,A,VLG,A321,EC-MOO,16:10:00,16:10:43
RYR23ET,ELLX,D,RYR,B738,EI-DPT,16:10:00,16:20:50
VLG62TV,LSGG,D,VLG,A320,EC-MAH,16:10:00,16:24:09
BRU869,UMMS,A,BRU,E195,EW-514PO,16:15:00,16:07:41
VLG16CZ,LEMD,D,VLG,A320,EC-LVU,16:15:00,16:27:30
RYR907E,LEST,D,RYR,B738,EI-EBL,16:15:00,16:32:50
TAP1042,LPPT,A,TAP,A319,CS-TTN,16:20:00,15:50:34
VLG24PP,LIRF,A,VLG,A320,EC-MVM,16:20:00,16:03:19
VLG1YH,LIMC,A,VLG,A20N,EC-NAJ,16:20:00,16:11:51
EZS79EP,LSGG,A,EZY,A320,HB-JZY,16:25:00,16:03:58
KLM79K,EHAM,A,KLM,B739,PH-BXT,16:25:00,16:13:55
VLG94VV,LEZL,D,VLG,A320,EC-KDG,16:25:00,16:32:48
VLG15SQ,LEMD,A,VLG,A20N,EC-NFH,16:25:00,16:40:21
VLG1521,LFMN,D,VLG,A320,EC-MAX,16:25:00,16:52:52
MSR768,HECA,D,MSR,B738,SU-GDY,16:25:00,16:55:46
IBE16GP,LEMD,D,IBE,A320,EC-IEF,16:30:00,16:31:24
TAR514,DTTA,A,TAR,A320,TS-IMI,16:35:00,16:27:18
AEA78QT,LEMD,A,AEA,A332,EC-KTG,16:35:00,16:30:07
VLG13GJ,LEVC,D,VLG,A320,EC-LVP,16:35:00,16:41:08
EZY62ZH,EGGW,D,EZY,A20N,G-UZHX,16:35:00,16:41:13
IBK1TM,EFHK,A,NAX,B738,EI-FVY,16:35:00,16:43:28
IBK5DF,ESGG,D,NAX,B738,EI-GBB,16:35:00,16:45:05
VLG3531,LEIB,A,VLG,A320,EC-MXG,16:40:00,16:30:10
VLG548B,LEPA,A,VLG,A320,EC-KCU,16:40:00,16:33:45
QTR13EW,OTHH,D,TAM,A359,A7-AQA,16:40:00,16:42:16
VLG5GG,LESO,D,VLG,A319,EC-MGF,16:40:00,17:00:49
IBE2622,KSFO,A,IBE,A332,EC-MOY,16:45:00,16:36:40
VLG87CD,EGBB,A,VLG,A20N,EC-NAF,16:50:00,16:26:06
RYR1CG,LIRF,A,RYR,B738,EI-GDE,16:50:00,16:26:35
VLG305W,LEBB,A,VLG,A320,EC-MBM,16:50:00,16:30:08
VLG2470,EDDN,A,VLG,A320,EC-MBK,16:50:00,16:33:12
VLG8745,LMML,A,VLG,A320,EC-LVT,16:50:00,16:43:30
VLG73CV,LPPT,A,VLG,A320,EC-MFL,16:50:00,16:51:57
DLH26E,EDDF,D,DLH,A321,D-AIRN,16:50:00,16:54:30
RYR2VT,GCLP,D,RYR,B738,EI-DCG,16:50:00,16:54:49
LPE2431,SPJC,D,LAN,B763,CC-CXJ,16:50:00,17:11:16
AFL2515,UUEE,D,AFL,A321,VP-BFX,16:50:00,17:14:42
EJU28FT,LIMC,A,EZY,A319,OE-LQV,16:55:00,16:40:00
BAW407,EGLL,D,BAW,A320,G-EUYC,16:55:00,16:59:10
WZZ8TN,LRCL,A,WZZ,A320,HA-LPV,16:55:00,17:01:27
RYR36CX,LEMH,D,RYR,B738,EI-FOG,16:55:00,17:12:08
IBE2606,SCEL,A,IBE,A332,EC-MYA,17:00:00,16:44:16
EZS83PX,LSGG,D,EZY,A320,HB-JZY,17:00:00,17:18:55
IBE1546,LEMD,A,IBE,A321,EC-JRE,17:05:00,17:01:26
VLG35UL,LEIB,D,VLG,A321,EC-MOO,17:05:00,17:07:12
VLG17GS,LEMD,D,VLG,A20N,EC-NFH,17:05:00,17:09:53
VLG37NA,LEMH,D,VLG,A20N,EC-NEA,17:05:00,17:10:24
BRU870,UMMS,D,BRU,E195,EW-514PO,17:05:00,17:19:18
VLG39AC,LEPA,D,VLG,A320,EC-MVM,17:05:00,17:20:03
SVR3531,UUDD,A,SVR,A321,VQ-BGX,17:10:00,16:52:49
VLG69BE,GCRR,A,VLG,A321,EC-MLM,17:10:00,16:57:03
VLG18WZ,EDDH,A,VLG,A320,EC-LLJ,17:10:00,16:59:31
AFR22JR,LFPG,A,AFR,A320,F-GKXN,17:10:00,17:06:26
VLG20FJ,LEGR,D,VLG,A20N,EC-NAJ,17:10:00,17:14:26
RYR834Y,LHBP,D,RYR,B738,EI-DYM,17:10:00,17:20:23
TAP1037,LPPT,D,TAP,A319,CS-TTN,17:10:00,17:21:55
BTI684,EVRA,D,BTI,BCS3,YL-CSH,17:10:00,17:35:27
KLM88T,EHAM,D,KLM,B739,PH-BXT,17:15:00,17:47:40
VLG3015,GCFV,A,VLG,A20N,EC-NBA,17:20:00,16:58:21
RYR506L,LIPE,A,RYR,B738,EI-FIV,17:20:00,17:10:02
VLG22PU,LEZL,A,VLG,A320,EC-LAA,17:20:00,17:11:40
BAW480,EGLL,A,BAW,A320,G-EUYH,17:25:00,17:17:16
EJU38ZE,EGKK,A,EZY,A320,OE-IZW,17:25:00,17:17:21
VLG89PL,EBBR,A,VLG,A320,EC-LOB,17:25:00,17:22:40
VLG75DW,EGCC,D,VLG,A320,EC-KCU,17:25:00,17:27:38
IBK2PU,EGKK,D,NAX,B738,EI-FVY,17:25:00,17:45:56
VLG83PW,EHAM,A,VLG,A321,EC-MHA,17:30:00,17:08:58
THY9VJ,LTFM,A,THY,A333,TC-LOB,17:30:00,17:28:32
WZZ1BN,LRCL,D,WZZ,A320,HA-LPV,17:30:00,17:38:58
EJU56FC,LIMC,D,EZY,A319,OE-LQV,17:30:00,17:42:04
VLG3010,GCLP,D,VLG,A20N,EC-NCS,17:30:00,17:46:18
IBK9RU,ESSA,D,HFM,A333,9H-AGU,17:30:00,17:49:54
VLG18TB,EDDT,A,VLG,A320,EC-MXP,17:35:00,17:18:53
ANE71WB,LEBG,A,IBE,CRJ9,EC-JZT,17:35:00,17:28:06
VLG65GF,LICC,A,VLG,A20N,EC-NAZ,17:35:00,17:36:06
VLG2KT,LFPO,D,VLG,A320,EC-MER,17:35:00,17:46:32
RYR6XW,EBBR,D,RYR,B738,EI-GDE,17:35:00,17:57:19
TAR515,DTTA,D,TAR,A320,TS-IMI,17:40:00,17:41:18
VLG9EK,GCXO,D,VLG,A320,EC-MBK,17:40:00,17:42:47
VLG1434,LEBB,D,VLG,A320,EC-MBM,17:40:00,17:49:29
VLG18NE,EDDM,D,VLG,A20N,EC-NCG,17:40:00,17:50:00
DLH98U,EDDM,A,DLH,A320,D-AIQW,17:45:00,17:40:15
IBE16MY,LEMD,A,IBE,A321,EC-IGK,17:50:00,17:34:49
VLG7827,EGKK,A,VLG,A321,EC-MPV,17:50:00,17:45:37
IBE1751,LEMD,D,IBE,A321,EC-JRE,17:50:00,18:00:38
RYR5UN,EDDB,D,RYR,B738,EI-DPM,17:50:00,18:05:48
VLG306Z,LSZH,D,VLG,A320,EC-MBY,17:50:00,18:24:40
RYR2FX,LIPE,D,RYR,B738,EI-FIV,17:55:00,18:11:10
DLH97M,EDDF,A,DLH,A321,D-AIDV,18:00:00,17:35:51
VLG189C,EDDL,A,VLG,A320,EC-MKO,18:00:00,17:55:57
EJU89EQ,EGKK,D,EZY,A320,OE-ICR,18:00:00,18:14:25
RYR5BA,LEIB,A,RYR,B738,EI-DLE,18:05:00,17:57:20
RYR3WE,LKPR,A,RYR,B738,EI-DYC,18:05:00,18:03:30
SVR3532,UUDD,D,SVR,A321,VQ-BGX,18:05:00,18:06:03
AFR29MZ,LFPG,D,AFR,A320,F-GKXN,18:05:00,18:06:35
EJU75HB,LFPG,D,EZY,A320,OE-IZD,18:05:00,18:10:01
VLG22XV,LEZL,D,VLG,A320,EC-LLJ,18:05:00,18:17:36
VLG11FU,LEMH,D,VLG,A320,EC-LVT,18:05:00,18:18:08
VLG39CE,LEPA,D,VLG,A320,EC-LUO,18:05:00,18:24:27
BMS8AT,LROP,A,BMS,B735,YR-BAG,18:10:00,18:00:15
VLG89RM,LIMF,A,VLG,A320,EC-MBD,18:10:00,18:09:47
ANE58LP,LELN,D,IBE,CRJ9,EC-JZT,18:10:00,18:25:47
VLG13LP,LEAL,D,VLG,A319,EC-MIR,18:10:00,18:25:59
VLG51XP,EDDM,A,VLG,A20N,EC-NCU,18:15:00,17:56:12
RYR16AC,EDDF,A,RYR,B738,EI-GSI,18:20:00,18:18:04
VLG97QD,LKPR,D,VLG,A320,EC-LAA,18:20:00,18:20:18
VLG17AP,LEMD,A,VLG,A320,EC-JTQ,18:20:00,18:31:25
VLG61XL,LIRF,D,VLG,A20N,EC-NBA,18:20:00,18:41:58
VLG80LM,LFPO,A,VLG,A321,EC-MRF,18:25:00,18:16:23
EJU1405,LSGG,A,EZY,A320,OE-IZL,18:25:00,18:21:33
NAX95L,KEWR,D,NAX,B789,SE-RXM,18:25:00,18:28:42
BAW481B,EGLL,D,BAW,A320,G-EUYH,18:25:00,18:31:37
VLG16BB,LHBP,A,VLG,A320,EC-MEL,18:30:00,18:07:29
VLG3FD,LPPR,A,VLG,A320,EC-MVO,18:30:00,18:21:36
VLG96EW,EBBR,D,VLG,A20N,EC-NAZ,18:30:00,18:31:51
SVR5002,UUDD,D,SVR,A321,VQ-BOB,18:30:00,18:33:56
DLH95E,EDDM,D,DLH,A320,D-AIQW,18:30:00,18:35:04
RYR342Q,LEVD,A,RYR,B738,EI-DPW,18:35:00,18:13:24
WZZ378,EPWA,A,WZZ,A321,HA-LXT,18:35:00,18:13:33
VLG39GH,LEPA,A,VLG,A320,EC-LRY,18:35:00,18:22:53
VLG1MP,EIDW,A,VLG,A320,EC-MBE,18:35:00,18:25:03
VLG6523,LIPE,A,VLG,A320,EC-MNZ,18:35:00,18:26:05
EJU46YB,LFSB,D,EZY,A320,OE-IZW,18:35:00,18:36:13
IBE18MT,LEMD,D,IBE,A321,EC-IGK,18:35:00,18:40:24
VLG83WG,EHAM,D,VLG,A321,EC-MPV,18:35:00,18:40:37
VLG274T,LOWW,D,VLG,A320,EC-MFL,18:35:00,18:50:39
RAM960U,GMMN,A,RAM,B738,CN-RNZ,18:40:00,18:13:04
KAL915,RKSI,A,KAL,B789,HL8081,18:40:00,18:29:53
VLG6336,LIMC,D,VLG,A320,EC-MXG,18:40:00,18:42:13
RYR36DL,EGSS,D,RYR,B738,EI-DPY,18:40:00,18:50:28
VLG421M,EGPH,D,VLG,A320,EC-LOB,18:40:00,18:52:02
IBE1730,LEMD,A,IBE,A321,EC-HUH,18:45:00,18:39:54
IBE2625,KBOS,D,IBE,A332,EC-NEN,18:45:00,18:52:14
AEA84LR,LEPA,D,AEA,B738,EC-III,18:45:00,18:58:45
KLM75K,EHAM,A,KLM,B738,PH-BXL,18:50:00,18:45:46
DLH09W,EDDF,D,DLH,A321,D-AIDV,18:50:00,18:59:14
VLG14RJ,LEBB,A,VLG,A320,EC-MAI,18:55:00,18:27:27
VLG1RG,LIMC,A,VLG,A320,EC-MCU,18:55:00,18:28:21
RYR87MY,LEJR,A,RYR,B738,EI-DLD,18:55:00,18:48:09
VLG1313,LEAL,A,VLG,A320,EC-KDH,18:55:00,18:57:48
VLG34FT,EGKK,D,VLG,A320,EC-MKO,19:00:00,19:07:33
EJU54QW,LFLL,D,EZY,A320,OE-IZL,19:00:00,19:08:27
VLG19HJ,LEMD,D,VLG,A320,EC-JTQ,19:00:00,19:11:20
THY4NH,LTFM,D,THY,A333,TC-LOB,19:00:00,19:11:50
VLG1884,EDDT,D,VLG,A320,EC-MXP,19:00:00,19:15:20
RYR68DX,EDDF,D,RYR,B738,EI-GSI,19:00:00,19:17:37
DAH2014,DAAG,A,DAH,B738,7T-VJM,19:05:00,18:47:18
EWG9442,EDDL,A,EWG,A320,D-AEWP,19:05:00,18:55:46
BMS3AA,LROP,D,BMS,B735,YR-BAG,19:05:00,19:07:41
VLG13RT,LEVC,A,VLG,A320,EC-LVP,19:10:00,19:01:42
VLG159N,LEXJ,A,VLG,A20N,EC-NCF,19:10:00,19:14:27
RYR7XB,EGBB,A,RYR,B738,EI-FIZ,19:10:00,19:16:18
VLG23VD,LEMG,A,VLG,A320,EC-MAN,19:15:00,18:59:35
IBE18BD,LEMD,A,IBE,A321,EC-IXD,19:15:00,19:01:08
EWG2520,EDDS,A,EWG,A319,OK-NEM,19:15:00,19:03:23
SWR136K,LSZH,A,SWR,A321,HB-IOH,19:15:00,19:10:08
VLG6287,LIBR,D,VLG,A320,EC-MEL,19:15:00,19:18:49
RYR71CU,LFOB,D,RYR,B738,EI-DYC,19:15:00,19:21:35
VLG8462,LPPT,D,VLG,A321,EC-MRF,19:15:00,19:27:08
VLG64SL,LEVX,D,VLG,A320,EC-MVO,19:15:00,19:38:03
VLG32SN,GCXO,A,VLG,A320,EC-LZZ,19:20:00,19:10:16
VLG21LY,LEMG,D,VLG,A320,EC-MNZ,19:20:00,19:29:27
VLG72GV,LFPG,D,VLG,A320,EC-LRY,19:20:00,19:32:02
VLG7620,OLBA,D,VLG,A320,EC-MBD,19:20:00,19:39:48
RYR63SX,LMML,D,RYR,B738,EI-DPW,19:20:00,19:44:30
VLG61KC,LIRF,A,VLG,A320,EC-LQM,19:25:00,19:09:13
RYR6HR,EGSS,A,RYR,B738,EI-DHH,19:25:00,19:13:14
TAP1036,LPPT,A,TAP,A319,CS-TTM,19:25:00,19:17:21
RYR6882,LEMH,A,RYR,B738,EI-FOG,19:25:00,19:24:34
VLG650B,LIRN,D,VLG,A320,EC-MBE,19:25:00,19:34:19
WZZ276,EPWA,D,WZZ,A321,HA-LXT,19:25:00,19:49:10
VLG3909,LEPA,A,VLG,A320,EC-MVM,19:30:00,19:13:08
VLG37GQ,LEMH,A,VLG,A20N,EC-NEA,19:30:00,19:32:12
IBE19HM,LEMD,D,IBE,A321,EC-HUH,19:30:00,19:36:35
RYR4E,LIRF,D,RYR,B738,EI-DLD,19:30:00,19:38:17
EJU65ER,EDDB,A,EZY,A319,OE-LQA,19:35:00,19:08:50
VLG18LX,LEMD,A,VLG,A320,EC-LVU,19:35:00,19:11:39
DLH88P,EDDF,A,DLH,A321,D-AIRF,19:35:00,19:15:05
AFR124M,LFPG,A,AFR,A319,F-GRHT,19:35:00,19:15:46
VLG80FV,LFPO,A,VLG,A321,EC-MMU,19:35:00,19:29:45
EWG5922,LOWW,A,EWG,A319,OE-LYX,19:35:00,19:30:14
VLG248T,LESO,A,VLG,A319,EC-MGF,19:35:00,19:33:14
VLG67MT,EDDS,A,VLG,A321,EC-MHS,19:40:00,19:28:28
KLM76T,EHAM,D,KLM,B738,PH-BXL,19:40:00,19:42:02
VLG14TE,LEBB,D,VLG,A320,EC-MCU,19:40:00,19:42:31
VLG12AD,LECO,A,VLG,A20N,EC-NCT,19:40:00,19:42:50
RAM961U,GMMN,D,RAM,B738,CN-RNZ,19:40:00,19:52:08
VLG84C,LEAL,D,VLG,A320,EC-KDH,19:40:00,19:58:39
VLG35UU,LEIB,A,VLG,A321,EC-MOO,19:45:00,19:14:37
VLG1522,LFMN,A,VLG,A320,EC-MAX,19:45:00,19:18:41
EWG6LW,EDDL,D,EWG,A320,D-AEWP,19:45:00,19:45:49
BAW486,EGLL,A,BAW,A320,G-TTOB,19:50:00,19:43:45
KTK7755,UUWW,A,KTK,B763,VP-BXW,19:50:00,19:47:39
RYR18PP,EGGP,A,RYR,B738,EI-GXN,19:55:00,19:29:41
TVF24DF,LFPO,A,TRA,B738,F-GZHM,19:55:00,19:49:09
VLG130W,LFRN,D,VLG,A320,EC-MAI,19:55:00,20:02:29
EWG9SJ,EDDS,D,EWG,A319,OK-NEM,19:55:00,20:13:20
VLG80SB,LSGG,A,VLG,A320,EC-MAH,20:00:00,19:44:48
RYR78TP,EGGW,A,RYR,B738,EI-EKO,20:00:00,19:53:04
IBE1846,LEMD,A,IBE,A20N,EC-NDN,20:00:00,20:00:51
IBE2001,LEMD,D,IBE,A321,EC-IXD,20:00:00,20:03:15
RYR5SU,LIME,D,RYR,B738,EI-DHH,20:00:00,20:04:29
SQP748,UKHH,D,SQP,B738,UR-SQF,20:00:00,20:17:55
VLG35AZ,LFBD,D,VLG,A320,EC-MAN,20:00:00,20:25:02
VLG3003,GCLP,A,VLG,A321,EC-MMH,20:05:00,19:42:56
EWG46T,EDDK,A,EWG,B738,D-ABKM,20:05:00,20:06:46
DAH2015,DAAG,D,DAH,B738,7T-VJM,20:05:00,20:07:45
VLG42WU,GCXO,D,VLG,A320,EC-LZZ,20:05:00,20:11:51
VLG129J,LECO,D,VLG,A20N,EC-NCF,20:05:00,20:15:18
SWR191N,LSZH,D,SWR,A321,HB-IOH,20:05:00,20:33:50
EZS63KT,LFSB,A,EZY,A320,HB-JXM,20:10:00,19:55:46
RYR85DA,LIRF,A,RYR,B738,EI-EPF,20:10:00,20:00:07
LDM86Y,LOWW,A,LDM,A320,OE-LOS,20:10:00,20:12:01
EJU13YF,EDDB,D,EZY,A319,OE-LQA,20:10:00,20:19:00
EZS97QP,LSGG,A,EZY,A320,HB-JXK,20:15:00,20:02:01
RYR6PA,EDDK,A,RYR,B738,9H-QAF,20:15:00,20:04:01
TRA16Y,EHEH,A,TRA,B738,PH-HXO,20:15:00,20:07:16
EWG8XT,LOWW,D,EWG,A319,OE-LYX,20:15:00,20:20:50
VLG39MN,LEPA,D,VLG,A320,EC-LQM,20:15:00,20:21:01
VLG6340,LIMC,D,VLG,A20N,EC-NEA,20:15:00,20:26:48
VLG2JC,LFPG,D,VLG,A320,EC-MVM,20:15:00,20:42:50
VLG22QB,LEZL,A,VLG,A320,EC-KDG,20:20:00,20:14:14
VLG45SM,LFPO,D,VLG,A321,EC-MHS,20:20:00,20:20:54
TAP1045,LPPT,D,TAP,A319,CS-TTM,20:20:00,20:24:44
VLG8464,LPPT,D,VLG,A320,EC-LVP,20:20:00,20:28:27
FIN5TV,EFHK,A,FIN,A321,OH-LZU,20:25:00,20:16:00
VLG19CT,LEMD,A,VLG,A20N,EC-NFH,20:25:00,20:19:39
RYR3FQ,LEST,A,RYR,B738,EI-EBL,20:25:00,20:21:59
VLG18JC,EKCH,A,VLG,A321,EC-MHB,20:25:00,20:24:27
VLG35VM,LEIB,D,VLG,A321,EC-MHA,20:25:00,20:27:20
VLG22JG,LEZL,D,VLG,A320,EC-LVU,20:25:00,20:40:09
AFR28EB,LFPG,D,AFR,A319,F-GRHT,20:25:00,20:41:36
VLG15UT,LFMN,D,VLG,A20N,EC-NCT,20:25:00,20:43:41
VLG3701,LEMH,A,VLG,A320,EC-LVT,20:30:00,20:23:54
VLG977G,LIRQ,D,VLG,A319,EC-MGF,20:30:00,20:30:33
VLG20HL,LEGR,D,VLG,A321,EC-MOO,20:30:00,20:31:44
AEA7708,LEMD,D,AEA,A332,EC-KTG,20:30:00,20:51:24
KTK7856,ULLI,D,KTK,B752,VP-BLV,20:30:00,20:53:48
RYR5PD,EGGP,D,RYR,B738,EI-GXN,20:30:00,20:59:09
VLG39EF,LEPA,A,VLG,A320,EC-LUO,20:35:00,20:36:33
BEL5PL,EBBR,A,BEL,A320,OO-SNI,20:35:00,20:36:35
VLG7480,DAOO,D,VLG,A320,EC-MAX,20:35:00,20:42:45
RYR60SL,EGGW,D,RYR,B738,EI-EKO,20:35:00,20:49:15
RYR84JW,EIDW,A,RYR,B738,EI-DCX,20:40:00,20:30:50
VLG1680,LEST,A,VLG,A320,EC-LUN,20:40:00,20:39:34
TVF65KN,LFPO,D,TRA,B738,F-GZHM,20:40:00,20:42:47
BAW487,EGLL,D,BAW,A320,G-TTOB,20:40:00,20:49:49
SWR128A,LSGG,A,SWR,BCS1,HB-JBF,20:45:00,20:19:25
VLG20GK,LEGR,A,VLG,A20N,EC-NAJ,20:45:00,20:36:34
LDM78YT,LOWW,D,LDM,A320,OE-LOS,20:45:00,20:46:59
EZS13QV,LFSB,D,EZY,A320,HB-JXM,20:45:00,20:52:16
RYR38SM,ELLX,A,RYR,B738,EI-DPT,20:45:00,20:52:45
EWG6CK,EDDK,D,EWG,B738,D-ABKM,20:45:00,21:06:56
IBE2045,LEMD,D,IBE,A20N,EC-NDN,20:45:00,21:13:14
WZZ851,EPKT,A,WZZ,A321,HA-LXW,20:50:00,20:44:57
VLG2972,LFRS,D,VLG,A320,EC-MAH,20:50:00,20:52:41
RYR8141,LEIB,D,RYR,B738,EI-FIZ,20:50:00,21:11:01
EZS61DG,LSGG,D,EZY,A320,HB-JXK,20:50:00,21:15:07
UAE187,OMDB,A,UAE,A388,A6-EDS,20:55:00,20:39:51
VLG28NN,GCLP,D,VLG,A321,EC-MMH,20:55:00,21:14:11
RYR1JE,EDDK,D,RYR,B738,9H-QAF,20:55:00,21:18:07
VLG21EP,LEMG,A,VLG,A320,EC-MKN,21:00:00,20:37:51
VLG142F,LEBB,A,VLG,A320,EC-MFN,21:00:00,20:41:10
RYR2SD,LEZL,A,RYR,B738,EI-GXK,21:00:00,20:55:37
KAL916,RKSI,D,KAL,B789,HL8081,21:00:00,21:06:31
RYR76YN,LIRF,D,RYR,B738,EI-EPF,21:00:00,21:23:20
EZY57GU,EGNT,A,EZY,A319,G-EZFV,21:05:00,20:42:03
EZY86RV,EGGW,A,EZY,A20N,G-UZHT,21:05:00,20:50:11
TRA77E,EHEH,D,TRA,B738,PH-HXO,21:05:00,21:10:09
VLG794D,LEIB,D,VLG,A320,EC-KDG,21:05:00,21:27:50
AEA21DA,LEPA,A,AEA,B738,EC-III,21:10:00,20:49:11
QTR10SR,OTHH,A,QTR,A359,A7-ALT,21:10:00,20:56:47
RYR34CZ,EGPK,A,RYR,B738,EI-EVO,21:10:00,21:06:00
VLG9AX,LEAL,A,VLG,A319,EC-MIR,21:10:00,21:09:00
VLG37WC,LEMH,D,VLG,A321,EC-MHB,21:10:00,21:14:59
KTK7756,UUWW,D,KTK,B763,VP-BXW,21:10:00,21:18:10
VLG83TJ,EHAM,A,VLG,A320,EC-JSY,21:15:00,20:58:40
WZZ3XF,LROP,A,WZZ,A321,HA-LXC,21:15:00,20:59:45
VLG7332,GMMX,D,VLG,A320,EC-LVT,21:15:00,21:15:08
EJU74UV,LIMC,A,EZY,A20N,G-UZHG,21:15:00,21:27:34
RYR29CU,EIDW,D,RYR,B738,EI-DCX,21:15:00,21:42:53
EZY89CV,EGCC,A,EZY,A20N,G-UZHZ,21:20:00,21:07:44
DLH03M,EDDM,A,DLH,A320,D-AIPT,21:20:00,21:13:59
VLG39VU,LEPA,D,VLG,A320,EC-LUO,21:20:00,21:22:28
IBE2000,LEMD,A,IBE,A321,EC-JRE,21:20:00,21:26:10
VLG15SR,LEAS,A,VLG,A320,EC-KJD,21:25:00,21:09:04
MAC373,GMMN,A,ABY,A320,CN-NMN,21:25:00,21:11:52
WZZ6XR,LBSF,A,WZZ,A321,HA-LXN,21:25:00,21:20:07
SWR173R,LSGG,D,SWR,BCS1,HB-JBF,21:25:00,21:25:31
VLG1681,LEST,D,VLG,A320,EC-LUN,21:25:00,21:27:29
FIN1652,EFHK,D,FIN,A321,OH-LZU,21:25:00,21:33:58
BEL44N,EBBR,D,BEL,A320,OO-SNI,21:25:00,21:41:16
RYR77FJ,EGCC,A,RYR,B738,EI-EVJ,21:30:00,21:10:10
EZY47PH,EGGD,A,EZY,A319,G-EZAP,21:30:00,21:16:27
WRC751,UKBB,A,WRC,A320,UR-WRW,21:30:00,21:17:43
VLG21UZ,LEMD,D,VLG,A20N,EC-NFH,21:30:00,21:36:39
RYR9KW,LEZL,D,RYR,B738,EI-GXK,21:35:00,21:46:05
WZZ377,EPGD,A,WZZ,A320,HA-LPZ,21:40:00,21:24:37
EZY63RK,EGNT,D,EZY,A319,G-EZFV,21:40:00,21:40:40
WZZ3VZ,EPKT,D,WZZ,A321,HA-LXW,21:40:00,21:48:04
EZY79AH,EGGW,D,EZY,A20N,G-UZHT,21:40:00,21:54:54
VLG47GA,LFPO,A,VLG,A320,EC-MER,21:45:00,21:01:44
RYR2PP,UKBB,A,RYR,B738,EI-DLC,21:45:00,21:28:15
AEA7707,LEMD,A,AEA,B738,EC-MJU,21:45:00,21:38:08
VLG21SE,LEMG,D,VLG,A320,EC-LZN,21:45:00,21:47:23
VLG61UH,LIRF,A,VLG,A20N,EC-MZT,21:45:00,21:48:18
VLG14TH,LEBB,D,VLG,A320,EC-MFN,21:45:00,21:54:18
RYR29TK,LPPR,A,RYR,B738,EI-ENO,21:50:00,21:37:33
EJU84CE,LIMC,D,EZY,A20N,G-UZHG,21:50:00,21:55:38
RYR31LE,EGPK,D,RYR,B738,EI-EVO,21:50:00,21:57:18
VLG35AW,LEIB,D,VLG,A20N,EC-NDC,21:55:00,21:56:29
WZZ172,LROP,D,WZZ,A321,HA-LXC,21:55:00,21:58:45
VLG22YW,LEZL,A,VLG,A320,EC-LLJ,22:00:00,21:36:35
ANE59ZK,LELN,A,IBE,CRJ9,EC-JZT,22:00:00,21:52:26
RYR2UG,LEPA,A,RYR,B738,EI-EKD,22:00:00,21:59:31
AEA6103,LEPA,D,AEA,B738,EC-III,22:00:00,22:00:00
EZY64UZ,EGCC,D,EZY,A20N,G-UZHZ,22:00:00,22:00:00
